"ID","CONSENT","COMM_FEEL","COMM_HELP","COMM_NEIGHBORS","NOTCOMM_UNSAFE","NOTCOMM_RELY","NOTCOMM_DISTRUST","EFFECT_CARE_COMM","EFFECT_CARE_EDUCATION","EFFECT_CARE_HVIP","EFFECT_CARE_MHRESOURCES","EFFECT_CARE_WELFARE","EFFECT_FEAR_LEG","EFFECT_FEAR_POLICE","EFFECT_FEAR_DEPORT","EFFECT_FEAR_ARMY","FIXEDPERSON1_BASIC","FIXEDPERSON2_DIFF","FIXEDPERSON3_CHANGE_R","FIXEDPERSON4_OLD","FIXEDPERSON_ALWAYS_R","FIXEDPERSON_CERTAIN","FIXEDPERSON_MATTER_R","FIXEDPERSON_ALL_R","MOREFIREARMS_01","GENDER","RACIALIZED","POLITICAL_BELIEFS","SOCIALSTATUS","AGE","HEALTHSTATUS","HOPE","ANXIETY"
1,1,,,,,,3,4,4,4,5,4,4,4,1,,2,2,5,2,5,2,5,5,0,0,"2",,3,19,2,2,5
2,1,6,4,6,6,2,2,6,2,4,5,4,5,3,1,2,5,2,5,2,2,2,2,1,0,0,"2",4,6,19,4,5,3
3,1,4,5,5,2,2,2,4,4,3,4,4,5,4,2,4,5,5,3,5,3,6,1,1,0,0,"4,7",4,3,21,4,4,3
4,1,4,4,5,2,3,1,4,4,3,5,4,4,3,3,4,5,,,5,3,5,,3,0,0,"7",4,7,19,4,4,2
5,1,3,3,3,4,4,3,4,6,5,6,4,4,2,1,1,6,2,3,3,3,4,2,3,0,1,"4",,6,19,4,4,4
6,1,2,4,4,3,4,3,5,6,5,6,5,6,1,1,1,6,2,1,3,2,4,2,1,0,0,"2,7",3,3,18,3,2,3
7,1,2,3,4,2,4,3,2,5,4,6,5,4,2,1,1,3,3,3,2,2,2,4,3,0,0,"3",1,3,20,3,2,2
8,1,5,5,2,2,,2,5,5,4,6,,5,5,2,4,5,5,2,5,2,5,2,2,0,1,"4",4,6,19,4,4,4
9,1,4,5,5,3,3,2,5,5,5,5,5,5,5,5,5,4,4,4,5,1,4,5,5,0,0,"7",1,6,20,5,4,4
10,1,5,5,5,1,2,2,,6,3,6,4,4,4,1,1,5,5,4,4,4,4,,3,0,0,"7",2,7,19,3,2,2
11,1,4,5,5,1,2,2,5,4,2,4,5,2,2,2,1,5,4,2,5,3,5,3,3,0,1,"7",4,9,54,5,3,2
12,1,6,5,3,1,4,3,-99,-99,-99,5,5,-99,5,3,3,4,4,3,3,3,3,3,3,0,0,"7",,4,18,3,3,2
13,1,4,6,5,2,4,3,4,6,3,5,5,5,4,2,1,4,3,3,4,3,4,3,3,0,0,"4,7",3,5,20,4,2,4
14,1,3,5,5,2,2,2,6,6,,,6,3,1,1,1,6,6,2,6,1,4,2,2,0,0,"7",3,7,54,4,3,3
15,1,3,6,6,3,2,1,6,6,5,6,6,3,2,2,3,3,3,2,6,2,5,5,4,0,1,"7",2,8,19,3,3,4
16,1,5,4,,2,,,5,6,,5,,,5,2,3,4,4,1,3,4,2,4,4,0,1,"2",,7,19,2,3,3
17,1,6,5,5,2,,2,,4,,5,,4,,,,5,5,,,,5,,,0,0,"2",4,6,19,2,2,4
18,1,4,4,4,3,5,3,6,5,5,5,5,4,4,1,1,2,3,2,4,3,4,3,3,0,0,"2",3,7,18,3,2,3
19,1,3,5,5,1,4,2,4,4,3,3,5,5,5,4,2,4,5,3,4,5,5,2,3,0,1,"2",5,6,19,4,3,4
20,1,4,4,4,2,3,3,5,6,5,6,5,3,4,1,1,6,6,1,6,1,6,1,1,0,0,"7",3,6,19,3,4,3
21,1,4,6,,1,2,5,6,6,6,6,5,3,4,1,5,4,3,3,6,2,3,4,3,0,1,"7",3,7,18,4,5,1
22,1,5,5,5,2,2,2,5,5,5,5,5,6,4,1,2,6,6,1,6,1,6,1,1,0,1,"2",2,6,18,4,4,4
23,1,5,6,6,1,2,2,5,4,4,6,5,4,4,1,2,5,4,3,4,3,4,4,3,0,0,"4",2,6,19,4,5,3
24,1,5,5,4,3,4,3,5,5,5,6,6,4,4,2,2,6,4,3,5,2,4,3,3,0,0,"-99",-99,7,19,3,4,2
25,1,3,5,5,1,3,2,4,5,4,5,6,5,3,2,2,2,3,5,3,4,3,5,5,0,1,"2",3,8,21,4,4,3
26,1,5,4,4,1,4,3,6,5,5,5,5,4,2,1,2,6,3,2,5,6,5,3,4,0,0,"7",,,,,,
27,1,4,4,5,2,2,2,5,5,5,5,5,5,1,1,1,3,4,3,4,3,3,3,3,0,2,"7",1,6,18,,,
28,1,3,5,3,2,3,3,5,6,4,6,5,6,2,1,1,3,4,4,3,3,5,5,4,0,1,"5",2,4,18,,,
29,1,4,4,3,,5,4,4,5,5,5,,4,4,3,3,3,3,4,5,4,3,4,4,0,0,"2",,5,19,,,
30,1,2,1,2,1,5,5,1,1,2,4,4,3,5,2,1,1,4,2,2,3,3,6,5,0,0,"2",2,9,19,2,2,3
31,1,5,4,5,4,4,3,5,6,5,5,5,3,4,2,2,5,2,3,5,2,5,2,2,0,0,"7",3,3,19,2,3,3
32,1,4,4,5,2,3,2,3,4,4,3,3,5,3,2,3,5,4,3,4,5,4,4,4,0,0,"7",-99,7,18,3,5,3
33,1,5,4,4,2,3,3,5,5,5,5,6,5,3,2,2,5,4,2,4,2,4,3,3,0,0,"7",-99,6,20,4,4,4
34,1,5,6,5,1,5,2,3,4,3,3,3,6,1,2,1,4,5,2,5,6,5,6,2,0,1,"3",2,6,20,4,2,1
35,1,3,4,5,2,4,2,4,6,4,5,5,6,4,3,2,5,5,3,4,3,4,3,3,0,0,"2",4,6,18,4,3,2
36,1,5,4,5,1,2,2,6,6,4,6,5,6,2,1,2,5,6,1,6,2,5,2,3,0,1,"7",2,6,19,4,3,2
37,1,4,4,5,2,1,2,5,6,5,6,5,4,4,1,2,6,6,2,6,1,6,2,2,0,0,"2",3,5,19,3,4,5
38,1,3,4,4,4,5,4,4,3,,4,4,4,4,3,4,3,3,4,,,,,,0,0,"2",,5,19,2,2,3
39,1,5,4,5,2,3,2,4,4,4,5,4,4,3,2,2,4,5,3,4,3,4,3,3,0,0,"7",4,8,19,4,3,4
40,1,4,4,3,4,3,4,4,5,4,6,5,2,3,1,3,5,4,,4,3,4,3,3,0,0,"4,7",4,7,18,3,3,2
41,1,6,5,6,1,2,1,5,4,4,3,1,5,6,6,5,3,3,3,3,3,4,4,3,1,1,"7",7,7,18,2,2,2
42,1,2,2,3,2,3,4,5,5,2,4,4,4,2,3,2,3,2,5,2,4,3,4,4,0,1,"7",4,5,21,3,2,1
43,1,5,5,4,3,4,3,6,6,5,6,4,4,4,3,4,5,4,3,3,3,4,2,2,0,0,"2",3,6,20,2,4,3
44,1,2,4,5,4,3,3,4,4,4,6,6,4,3,1,2,6,4,2,5,3,6,3,3,0,0,"7",2,6,20,,,
45,1,4,4,4,4,5,5,2,2,6,,-99,,1,4,6,6,3,6,3,3,4,,-99,0,0,"4,5",,,,,,
46,1,4,,5,1,,3,5,5,,4,2,4,4,2,,6,3,,2,,5,2,,0,1,"7",4,5,18,,,
47,1,5,6,6,1,1,1,6,6,2,6,6,5,1,1,1,6,6,1,6,1,6,1,1,0,0,"2",2,3,21,5,4,3
48,1,3,4,4,2,2,2,5,4,4,5,6,6,2,1,1,4,3,5,5,3,3,5,5,0,0,"7",2,6,24,5,2,3
49,1,5,4,5,2,3,2,5,5,,6,6,5,4,,2,,4,2,5,2,5,2,3,0,-99,"-99",-99,6,18,3,1,3
50,1,4,4,4,3,4,3,6,4,4,5,6,2,1,1,1,5,5,2,5,3,5,4,3,0,1,"7",2,5,39,5,3,3
51,1,4,3,4,2,4,4,,5,4,5,5,5,5,2,3,5,2,5,5,5,5,5,5,0,0,"2,7",,6,18,5,4,2
52,1,4,2,3,3,5,5,5,6,3,6,6,4,3,1,1,5,5,2,5,2,5,1,1,0,0,"7",3,7,19,3,4,4
53,1,4,5,5,3,2,2,4,2,2,5,5,6,3,2,1,6,5,3,3,2,5,2,3,0,0,"7",3,8,20,,,
54,1,3,4,4,3,4,3,5,5,3,5,4,5,3,2,2,4,4,3,5,4,4,3,3,0,0,"7",2,7,19,3,3,3
55,1,4,4,2,1,4,4,6,4,4,6,6,1,1,1,1,6,6,1,6,1,6,1,1,0,0,"7",1,7,19,4,2,4
56,1,5,6,6,1,2,2,6,6,5,6,5,2,2,1,1,6,6,2,5,3,5,4,3,0,0,"2",1,3,18,4,3,4
57,1,6,6,6,2,1,1,2,5,2,5,2,5,2,1,2,3,2,4,2,4,3,4,3,0,1,"7",4,6,22,3,2,3
58,1,5,3,6,3,3,1,5,5,3,6,4,4,5,1,1,3,6,2,3,2,1,2,2,0,1,"7",3,6,21,2,3,5
59,1,4,4,4,2,4,3,5,,-99,-99,-99,3,1,1,1,5,5,1,6,1,6,1,,0,0,"2",4,2,19,2,3,5
60,1,2,5,4,3,3,4,6,5,4,6,6,4,2,1,1,4,3,3,5,3,5,3,4,0,0,"2",3,4,19,2,3,4
61,1,5,4,4,4,5,4,5,4,3,5,5,2,4,1,3,5,3,3,5,3,5,3,2,0,0,"4",4,2,18,,,
62,1,3,4,3,2,3,4,4,6,4,5,4,4,2,3,3,3,3,3,4,4,3,4,3,0,1,"7",4,3,21,3,2,2
63,1,4,5,5,1,1,2,6,6,4,6,5,6,6,4,5,6,,1,6,1,6,1,1,0,0,"7",4,7,19,4,5,4
64,1,5,5,4,1,4,3,5,5,4,5,4,6,5,1,1,4,4,5,5,2,5,2,5,0,1,"7",4,8,19,4,3,2
65,1,4,5,4,2,2,2,5,5,,4,5,2,1,1,1,4,4,,5,3,5,3,,0,0,"7",3,8,28,3,4,4
66,1,5,5,6,2,2,2,6,5,4,6,5,3,2,1,1,5,5,4,4,3,6,3,3,0,0,"7",3,7,21,3,3,5
67,1,6,4,5,2,2,2,5,5,3,5,5,4,5,1,3,5,4,3,3,3,3,4,4,0,0,"2",,3,18,3,2,4
68,1,5,5,4,3,2,2,5,2,4,6,5,5,5,1,1,4,5,2,5,2,5,2,2,0,0,"7",3,8,21,3,4,3
69,1,5,6,5,2,1,1,5,5,,1,5,5,5,1,1,6,4,4,6,1,6,1,4,0,0,"7",4,8,73,2,4,3
70,1,6,6,5,2,4,2,5,5,5,4,5,6,5,2,1,,5,2,4,3,4,3,3,0,1,"2",,5,18,4,2,3
71,1,5,5,4,2,3,3,6,6,4,6,6,4,3,1,2,6,6,2,6,3,6,3,3,0,0,"2",-99,4,18,,,
72,1,2,5,4,3,3,4,6,5,5,6,6,3,1,1,1,3,2,3,4,4,5,2,3,0,1,"2,7",1,6,19,3,2,4
73,1,,,3,4,4,4,5,4,4,4,4,5,2,2,2,3,3,4,3,3,3,3,4,0,1,"2",1,7,19,4,1,3
74,1,2,2,4,6,4,5,3,1,5,6,6,2,5,5,6,1,3,4,4,4,4,6,4,0,1,"1,2,3,4,6",6,10,21,3,1,3
75,1,2,5,3,5,3,4,6,6,4,6,6,6,2,1,1,,,,,,,,,0,2,"7",1,8,39,,,
